{
  "nca_subject1": {
    "dose": 4.02,
    "cmax": 10.5,
    "tmax": 1.12,
    "auc_last": 147.234748537004,
    "auc_inf": 214.92363157523,
    "pct_extrap": 31.4943882820688,
    "lambda_z": 0.0484569969657749,
    "half_life": 14.304377571097,
    "r_squared": 0.999999459349959,
    "n_terminal": 3,
    "cl_f": 18.7043182293934,
    "vz_f": 385.998295408282
  },
  "nca_all_subjects": {
    "1": {
      "cmax": 10.5,
      "tmax": 1.12,
      "auc_last": 147.234748537004,
      "auc_inf": 214.92363157523,
      "half_life": 14.304377571097,
      "lambda_z": 0.0484569969657749
    },
    "2": {
      "cmax": 8.33,
      "tmax": 1.92,
      "auc_last": 88.7312754883266,
      "auc_inf": 97.3779346315098,
      "half_life": 6.65934156262252,
      "lambda_z": 0.104086443688432
    },
    "3": {
      "cmax": 8.2,
      "tmax": 1.02,
      "auc_last": 95.8781977933781,
      "auc_inf": 106.127668533925,
      "half_life": 6.76608737718236,
      "lambda_z": 0.102444314109434
    },
    "4": {
      "cmax": 8.6,
      "tmax": 1.07,
      "auc_last": 102.633623210553,
      "auc_inf": 114.216204638156,
      "half_life": 6.98124666099893,
      "lambda_z": 0.0992870205306231
    },
    "5": {
      "cmax": 11.4,
      "tmax": 1,
      "auc_last": 118.179353752805,
      "auc_inf": 136.304731589923,
      "half_life": 8.0022640410078,
      "lambda_z": 0.0866188839818201
    },
    "6": {
      "cmax": 6.44,
      "tmax": 1.15,
      "auc_last": 71.6970149943727,
      "auc_inf": 82.1758833245604,
      "half_life": 7.89499786796582,
      "lambda_z": 0.0877957400561702
    },
    "7": {
      "cmax": 7.09,
      "tmax": 3.48,
      "auc_last": 87.9692274357559,
      "auc_inf": 100.987629232048,
      "half_life": 7.84666826130148,
      "lambda_z": 0.0883364961379133
    },
    "8": {
      "cmax": 7.56,
      "tmax": 2.02,
      "auc_last": 86.8065634778741,
      "auc_inf": 102.153300293117,
      "half_life": 8.51003788342507,
      "lambda_z": 0.0814505399453019
    },
    "9": {
      "cmax": 9.03,
      "tmax": 0.63,
      "auc_last": 83.937436011302,
      "auc_inf": 97.5200039392502,
      "half_life": 8.40599880716182,
      "lambda_z": 0.082458634180318
    },
    "10": {
      "cmax": 10.21,
      "tmax": 3.55,
      "auc_last": 135.576070097047,
      "auc_inf": 167.860030732265,
      "half_life": 9.24691582297898,
      "lambda_z": 0.0749598237757766
    },
    "11": {
      "cmax": 8,
      "tmax": 0.98,
      "auc_last": 77.8934723324729,
      "auc_inf": 86.9026172559114,
      "half_life": 7.26123651504339,
      "lambda_z": 0.0954585598642772
    },
    "12": {
      "cmax": 9.75,
      "tmax": 3.52,
      "auc_last": 115.220208163302,
      "auc_inf": 125.83153972142,
      "half_life": 6.28650816367189,
      "lambda_z": 0.110259489451627
    }
  },
  "drm_ll4": {
    "hill": 2.98221907127508,
    "bottom": 0.481413188446126,
    "top": 7.7929582936999,
    "ec50": 3.0579549665481,
    "hill_se": 0.465062325652678,
    "bottom_se": 0.212192438354918,
    "top_se": 0.188567211740971,
    "ec50_se": 0.185731326898081,
    "rss": 5.40021462843058,
    "aic": 42.3102864363385
  },
  "drm_ec50": {
    "estimate": 3.0579549665481,
    "se": 0.185731326898081,
    "ci_lower": 2.67052620762652,
    "ci_upper": 3.44538372546968
  },
  "drm_predictions": {
    "doses": [0, 0.94, 1.88, 3.75, 7.5, 15, 30],
    "predicted": [7.7929582936999, 7.58233129666547, 6.40462383364962, 3.05817760383612, 0.95252202820048, 0.544587491680647, 0.489468699151896]
  },
  "roc_s100b": {
    "auc": 0.731368563685637,
    "auc_se": 0.0516592920699891,
    "ci_lower": 0.630118211761623,
    "ci_upper": 0.832618915609651,
    "direction": "<",
    "n_positive": 41,
    "n_negative": 72
  },
  "roc_youden": {
    "cutoff": 0.205,
    "sensitivity": 0.634146341463415,
    "specificity": 0.805555555555556
  },
  "roc_ndka": {
    "auc": 0.611957994579946
  },
  "delong_test": {
    "statistic": 1.39077002573558,
    "p_value": 0.164295175223054,
    "auc1": 0.731368563685637,
    "auc2": 0.611957994579946,
    "auc_diff": 0.119410569105691
  },
  "diag_accuracy": {
    "cutoff": 0.205,
    "tp": 26,
    "fp": 14,
    "tn": 58,
    "fn": 15,
    "sensitivity": 0.634146341463415,
    "specificity": 0.805555555555556,
    "ppv": 0.65,
    "npv": 0.794520547945205,
    "lr_positive": 3.26132404181185,
    "lr_negative": 0.454163162321278,
    "dor": 7.18095238095238
  },
  "power_ttest_n": {
    "n_exact": 63.7656104441373,
    "n_ceil": 64,
    "d": 0.5,
    "power": 0.8,
    "alpha": 0.05
  },
  "power_ttest_power": {
    "n": 64,
    "d": 0.5,
    "power": 0.801459557922285,
    "alpha": 0.05
  },
  "power_ttest_effect": {
    "n": 100,
    "d": 0.398140733302118,
    "power": 0.8,
    "alpha": 0.05
  },
  "power_ttest_onesided": {
    "n_exact": 50.1507971999303,
    "n_ceil": 51
  },
  "power_ttest_onesample": {
    "n_exact": 33.367129139077,
    "n_ceil": 34
  },
  "power_ttest_paired": {
    "n_exact": 33.367129139077,
    "n_ceil": 34
  },
  "power_anova": {
    "n_exact": 52.3966016055946,
    "n_ceil": 53,
    "f": 0.25,
    "k": 3,
    "power": 0.8
  },
  "power_anova_power": {
    "n": 53,
    "power": 0.80488728536347
  },
  "power_prop": {
    "n_exact": 62.7908842506349,
    "n_ceil": 63,
    "h": 0.5,
    "power": 0.8
  },
  "power_be": {
    "n": 24,
    "power": 0.837226039027971,
    "cv": 0.25,
    "theta1": 0.8,
    "theta2": 1.25
  }
}
