{
  "describe_mean": {
    "bili": 3.30490196078431,
    "albumin": 3.51647058823529,
    "copper": 98.281045751634,
    "alk.phos": 1984.86797385621,
    "ast": 123.001045751634,
    "protime": 10.7352941176471,
    "platelet": 262.140522875817
  },
  "describe_sd": {
    "bili": 4.56091831674238,
    "albumin": 0.420434545831849,
    "copper": 85.9743734228996,
    "alk.phos": 2146.35916028473,
    "ast": 56.9085293058543,
    "protime": 1.00685978890939,
    "platelet": 95.745341153043
  },
  "bili_summary": {
    "Min.": 0.3,
    "1st Qu.": 0.8,
    "Median": 1.35,
    "Mean": 3.25608974358974,
    "3rd Qu.": 3.425,
    "Max.": 28
  },
  "cor_pearson": {
    "bili": [1, -0.337691353229306, 0.456918407416168, 0.361438588743454],
    "albumin": [-0.337691353229306, 1, -0.264771385972472, -0.234858898879715],
    "copper": [0.456918407416168, -0.264771385972472, 1, 0.218224214971184],
    "protime": [0.361438588743454, -0.234858898879715, 0.218224214971184, 1]
  },
  "cor_spearman_bili_copper": 0.628364531632843,
  "ttest_bili": {
    "statistic": -1.50744471836268,
    "p_value": 0.13286415338127,
    "conf_int": [-1.78783140744661, 0.237264253081989]
  },
  "ttest_albumin": {
    "statistic": -0.159092949484932,
    "p_value": 0.873700027701791,
    "conf_int": [-0.101135588267368, 0.0860048961746506]
  },
  "chisq_trt_edema": {
    "statistic": 0.262908270735228,
    "p_value": 0.87681948921913
  },
  "wilcox_bili_status": {
    "statistic": 4816.5,
    "p_value": 1.29953702681593e-18
  },
  "vartest_protime": {
    "statistic": 0.55945021877488,
    "p_value": 0.000331233072220486,
    "conf_int": [0.407721527266601, 0.767142133257789]
  },
  "anova_albumin_stage": {
    "f_value": 19.012070675407,
    "p_value": 2.4469761160208e-11,
    "df_between": 3,
    "df_within": 308,
    "ss_between": 8.5674266881761,
    "ss_within": 46.264773311824
  },
  "levene_albumin_stage": {
    "f_value": 1.44033348049282,
    "p_value": 0.231039340259328
  },
  "ols_log_bili": {
    "r_squared": 0.38421573408355,
    "coefficients": [-0.557960221066797, 0.00525458193139604, 0.192681651278911],
    "intercept": -0.0345807004436076,
    "residual_se": 0.814900488070125
  },
  "glm_logistic_death": {
    "coefficients": [0.443150393502553, 1.02265537727427, -0.706329157065828],
    "intercept": 0.0485293033709039,
    "deviance": 321.201120122236,
    "null_deviance": 420.120932163926,
    "aic": 329.201120122236
  },
  "kaplan_meier": {
    "time": [41, 51, 71, 77, 110, 130, 131, 140, 179, 186, 191, 198, 207, 216, 223, 264, 304, 321, 326, 334, 348, 388, 400, 460, 515, 549, 552, 597, 611, 673, 694, 708, 733, 750, 762, 769, 786, 790, 797, 799, 824, 850, 853, 859, 890, 904, 930, 943, 971, 974, 980, 999, 1000, 1012, 1037, 1077, 1080, 1083, 1152, 1165, 1170, 1191, 1212, 1217, 1235, 1297, 1350, 1356, 1360, 1413, 1427, 1434, 1444, 1487, 1492, 1536, 1576, 1657, 1682, 1690, 1741, 1786, 1827, 1847, 1925, 2055, 2081, 2090, 2105, 2224, 2256, 2288, 2297, 2386, 2400, 2419, 2466, 2503, 2540, 2583, 2598, 2689, 2769, 2796, 2847, 3086, 3090, 3170, 3222, 3244, 3282, 3358, 3395, 3428, 3445, 3574, 3584, 3762, 3839, 3853, 4079, 4191],
    "survival": [0.996794871794872, 0.993589743589744, 0.990384615384615, 0.987179487179487, 0.983974358974359, 0.980769230769231, 0.977564102564103, 0.974358974358974, 0.971153846153846, 0.967948717948718, 0.96474358974359, 0.961538461538462, 0.958333333333333, 0.955128205128205, 0.951923076923077, 0.945512820512821, 0.942307692307692, 0.939102564102564, 0.935897435897436, 0.932692307692308, 0.92948717948718, 0.926282051282051, 0.923076923076923, 0.919871794871795, 0.916666666666667, 0.913450292397661, 0.910233918128655, 0.907017543859649, 0.903801169590643, 0.900584795321637, 0.897368421052632, 0.894152046783626, 0.890924061055165, 0.887684337196782, 0.8844446133384, 0.881204889480018, 0.877965165621635, 0.874713442785999, 0.871461719950364, 0.868209997114728, 0.864958274279092, 0.86168191717955, 0.858405560080008, 0.855129202980466, 0.851840244507465, 0.848538538133405, 0.845236831759345, 0.841922177517151, 0.838607523274958, 0.835292869032764, 0.831978214790571, 0.828650301931409, 0.825322389072246, 0.821994476213084, 0.818653035252868, 0.815297899862488, 0.811942764472107, 0.808587629081727, 0.805204417244565, 0.801806930251972, 0.798409443259378, 0.791614469274192, 0.788216982281599, 0.784789951923853, 0.781332727466039, 0.777813210675651, 0.77417856950427, 0.770543928332888, 0.766909287161507, 0.763186426544218, 0.759426887497202, 0.755648644275823, 0.7518322369815, 0.747936733162943, 0.744041229344386, 0.740104503263199, 0.736082196180247, 0.731946902943279, 0.727764349212175, 0.719399241749966, 0.715142441502925, 0.710727981987475, 0.706257994679377, 0.701730699841689, 0.697083476663929, 0.692139622219504, 0.687195767775079, 0.682251913330654, 0.677308058886229, 0.67197492456429, 0.666511713795475, 0.661003352524438, 0.655448702503224, 0.649490077935013, 0.643531453366802, 0.637572828798591, 0.631382801334527, 0.625068973321182, 0.61855783818242, 0.611528771839438, 0.604499705496455, 0.59694345917775, 0.589088939978043, 0.581128278626988, 0.572943373294213, 0.563394317072643, 0.553845260851073, 0.543395350268977, 0.532945439686881, 0.522286530893144, 0.511405561499537, 0.500040993466214, 0.488412133153046, 0.476499642100532, 0.464587151048019, 0.452030741560235, 0.43873571974964, 0.424111195757985, 0.408403373692874, 0.39206723874516, 0.369004459995444, 0.340619501534256],
    "std_err": [0.00319998765938971, 0.0045181844205797, 0.00552469078902775, 0.00636903246876974, 0.00710922564559563, 0.00777507250060231, 0.00838430461738635, 0.00894849282630914, 0.00947568637227734, 0.00997175456010099, 0.0104411347183103, 0.0108872791744673, 0.0113129372780702, 0.0117203413051919, 0.0121113335013408, 0.0128500133142093, 0.0132001244804547, 0.0135387547005446, 0.013866745104797, 0.0141848337734069, 0.0144936726530866, 0.0147938410559379, 0.0150858565490911, 0.0153701838267807, 0.0156472420041419, 0.0159194790415453, 0.016185081872748, 0.0164443719599215, 0.0166976433888224, 0.0169451660357654, 0.0171871882771547, 0.0174239393199245, 0.0176575162764737, 0.0178880434854494, 0.0181137580551929, 0.0183348377273469, 0.0185514482064221, 0.0187655584948262, 0.0189754383044964, 0.0191812265048556, 0.0193830534171276, 0.0195845799580784, 0.019782270941262, 0.0199762402405614, 0.0201683440959154, 0.0203586353134888, 0.0205454052244886, 0.0207304924841644, 0.020912191959037, 0.0210905912085292, 0.0212657732898907, 0.0214395239783932, 0.0216101627631727, 0.0217777627939415, 0.0219440827698753, 0.0221091515783348, 0.0222712888040609, 0.022430558019172, 0.0225904112286044, 0.0227491411782471, 0.0229050416228308, 0.0232085810447665, 0.0233563273886026, 0.0235048543957712, 0.0236541962429325, 0.0238080411691677, 0.0239726234788163, 0.0241340386000076, 0.0242923496677754, 0.0244580307089116, 0.0246247992974622, 0.024790445974567, 0.0249572745392042, 0.0251301419037646, 0.0252993814500903, 0.025469969087316, 0.0256471872648459, 0.0258343335081296, 0.026023082014959, 0.0263876446384831, 0.026572635693784, 0.0267727788568119, 0.0269749706144898, 0.0271793141432328, 0.0273937377578065, 0.0276419745002816, 0.0278831389970373, 0.0281174132257065, 0.0283449680332384, 0.0286190991802093, 0.0289031669464598, 0.029184469353742, 0.0294630855767019, 0.0297916839487541, 0.0301083607541135, 0.0304134883907163, 0.0307416837214324, 0.0310758810127741, 0.0314268908451239, 0.0318461418138709, 0.0322464912739307, 0.0327167528431147, 0.0332157326869644, 0.0337073228338229, 0.0342118831032852, 0.0349489299776966, 0.0356372450793359, 0.0364647853942592, 0.0372307853546887, 0.0379813199545886, 0.0387172852867778, 0.0394895973266865, 0.0402470575044674, 0.0409904823986934, 0.0416607556243591, 0.0423848013534508, 0.0431730180925763, 0.0441414470492604, 0.0452151141037234, 0.0462635883091436, 0.0489543385208476, 0.0527801088064301],
    "n_events": 125
  },